n_samples,45.0
p0,1.0
p1,2.0
p2,3.0
a0,1.3371822158175504
a1,0.7893791557605863
a2,0.6945639493238038
