n_samples,41.0
p0,1.0
p1,2.0
p2,3.0
a0,0.5932093286071645
a1,0.6934872085596122
a2,0.6478761127494356
