n_samples,43.0
p0,1.0
p1,2.0
p2,3.0
a0,0.6994139019151367
a1,0.629126030354231
a2,0.6391452060790518
