{"BBH": 0.9998343050379781, "BNS": 0.0, "NSBH": 0.0, "Terrestrial": 0.0001656949620219006}
