n_samples,43.0
p0,1.0
p1,2.0
p2,3.0
a0,0.9381511380756762
a1,1.1981758260917341
a2,1.4384659628557888
