n_samples,45.0
p0,1.0
p1,2.0
p2,3.0
a0,1.36176761810238
a1,1.4475341528792751
a2,1.1114496835616627
