n_samples,41.0
p0,1.0
p1,2.0
p2,3.0
a0,1.166647295168267
a1,1.2323197186927883
a2,0.5869212841404032
