dataset_name,preset,target_activation_rate,activation_rate,activation_rate_error,ema_activation_rate,threshold,avg_processing_time,total_energy_spent,baseline_energy_cost,actual_energy_cost,absolute_energy_savings,estimated_energy_savings_pct,energy_efficiency,total_inputs,activations,tp,fp,fn,tn,precision,recall,specificity,f1,accuracy,balanced_accuracy,false_positive_rate,false_negative_rate,prevalence,description
heart_disease,custom_health_hd82,0.15,0.139,0.010999999999999982,0.3953412574975214,0.88,0.0026549909512073137,1569.0130013733906,10600.0,1903.8999999999999,8696.1,82.03867924528302,0.8203867924528302,1000,139,105,34,431,430,0.7553956834532374,0.1958955223880597,0.9267241379310345,0.3111111111111111,0.535,0.561309830159547,0.07327586206896551,0.8041044776119403,0.536,UCI heart disease tabular dataset
heart_disease,tuned_v2,0.25,0.066,0.184,0.10719511502118505,0.9,0.002655078563382823,1192.0955910735622,10600.0,1166.6,9433.4,88.99433962264152,0.8899433962264152,1000,66,47,19,489,445,0.7121212121212122,0.08768656716417911,0.959051724137931,0.15614617940199338,0.492,0.5233691456510551,0.040948275862068964,0.9123134328358209,0.536,UCI heart disease tabular dataset
