n_samples,46.0
p0,1.0
p1,2.0
p2,3.0
a0,1.2720414203660715
a1,0.5854756946286414
a2,1.0639637570074971
