Name,min,max,mean,sigma3
wave1,40.0,48.0,44.4,8.62554346113913
wave2,40.0,48.0,44.4,8.62554346113913
wave3,40.0,48.0,44.4,8.62554346113913
